DATE,JD,BETRAG,DUMMY
20210102,2459217,"502,63 €",
20210103,2459218,"502,63 €",
20210104,2459219,"502,63 €",
20210105,2459220,"502,63 €",
20210106,2459221,"512,98 €",
20210107,2459222,"512,98 €",
20210108,2459223,"512,98 €",
20210109,2459224,"512,98 €",
20210110,2459225,"512,98 €",
20210111,2459226,"512,98 €",
20210112,2459227,"512,98 €",
20210113,2459228,"512,98 €",
20210114,2459229,"512,98 €",
20210115,2459230,"512,98 €",
20210116,2459231,"512,98 €",
20210117,2459232,"512,98 €",
20210118,2459233,"512,98 €",
20210119,2459234,"512,98 €",
20210120,2459235,"512,98 €",
20210121,2459236,"512,98 €",
20210122,2459237,"512,98 €",
20210123,2459238,"512,98 €",
20210124,2459239,"512,98 €",
20210125,2459240,"512,98 €",
20210126,2459241,"512,98 €",
20210127,2459242,"512,98 €",
20210128,2459243,"512,98 €",
20210129,2459244,"512,98 €",
20210130,2459245,"512,98 €",
20210131,2459246,"512,98 €",
20210201,2459247,"512,98 €",
20210202,2459248,"512,98 €",
20210203,2459249,"512,98 €",
20210204,2459250,"512,98 €",
20210205,2459251,"512,98 €",
20210206,2459252,"512,98 €",
20210207,2459253,"512,98 €",
20210208,2459254,"512,98 €",
20210209,2459255,"512,98 €",
20210210,2459256,"512,98 €",
20210211,2459257,"512,98 €",
20210212,2459258,"512,98 €",
20210213,2459259,"512,98 €",
20210214,2459260,"512,98 €",
20210215,2459261,"512,98 €",
20210216,2459262,"512,98 €",
20210217,2459263,"512,98 €",
20210218,2459264,"512,98 €",
20210219,2459265,"512,98 €",
20210220,2459266,"512,98 €",
20210221,2459267,"512,98 €",
20210222,2459268,"513,91 €",
20210223,2459269,"513,91 €",
20210224,2459270,"513,91 €",
20210225,2459271,"513,91 €",
20210226,2459272,"513,91 €",
20210227,2459273,"513,91 €",
20210228,2459274,"513,91 €",
20210301,2459275,"533,29 €",
20210302,2459276,"534,19 €",
20210303,2459277,"534,19 €",
20210304,2459278,"534,19 €",
20210305,2459279,"534,19 €",
20210306,2459280,"534,19 €",
20210307,2459281,"534,19 €",
20210308,2459282,"537,82 €",
20210309,2459283,"537,82 €",
20210310,2459284,"528,31 €",
20210311,2459285,"528,31 €",
20210312,2459286,"528,31 €",
20210313,2459287,"512,17 €",
20210314,2459288,"512,17 €",
20210315,2459289,"512,17 €",
20210316,2459290,"502,66 €",
20210317,2459291,"513,16 €",
20210318,2459292,"513,16 €",
20210319,2459293,"508,14 €",
20210320,2459294,"508,14 €",
20210321,2459295,"508,14 €",
20210322,2459296,"508,14 €",
20210323,2459297,"508,14 €",
20210324,2459298,"481,45 €",
20210325,2459299,"482,15 €",
20210326,2459300,"493,85 €",
20210327,2459301,"493,85 €",
20210328,2459302,"493,85 €",
20210329,2459303,"493,85 €",
20210330,2459304,"493,85 €",
20210331,2459305,"485,73 €",
20210401,2459306,"485,73 €",
20210402,2459307,"485,73 €",
20210403,2459308,"485,73 €",
20210404,2459309,"485,73 €",
20210405,2459310,"485,73 €",
20210406,2459311,"485,73 €",
20210407,2459312,"484,73 €",
20210408,2459313,"484,73 €",
20210409,2459314,"484,73 €",
20210410,2459315,"484,73 €",
20210411,2459316,"484,73 €",
20210412,2459317,"484,73 €",
20210413,2459318,"484,73 €",
20210414,2459319,"484,73 €",
20210415,2459320,"484,73 €",
20210416,2459321,"484,73 €",
20210417,2459322,"484,73 €",
20210418,2459323,"484,73 €",
20210419,2459324,"484,73 €",
20210420,2459325,"484,73 €",
20210421,2459326,"484,73 €",
20210422,2459327,"484,73 €",
20210423,2459328,"484,73 €",
20210424,2459329,"484,73 €",
20210425,2459330,"484,73 €",
20210426,2459331,"484,73 €",
20210427,2459332,"559,42 €",
20210428,2459333,"559,42 €",
20210429,2459334,"559,42 €",
20210430,2459335,"559,42 €",
20210501,2459336,"559,42 €",
20210502,2459337,"559,42 €",
20210503,2459338,"559,42 €",
20210504,2459339,"559,42 €",
20210505,2459340,"563,09 €",
20210506,2459341,"563,09 €",
20210507,2459342,"563,09 €",
20210508,2459343,"563,09 €",
20210509,2459344,"563,09 €",
20210510,2459345,"563,09 €",
20210511,2459346,"563,09 €",
20210512,2459347,"563,09 €",
20210513,2459348,"563,09 €",
20210514,2459349,"563,09 €",
20210515,2459350,"563,09 €",
20210516,2459351,"563,09 €",
20210517,2459352,"563,09 €",
20210518,2459353,"584,06 €",
20210519,2459354,"580,36 €",
20210520,2459355,"580,36 €",
20210521,2459356,"580,36 €",
20210522,2459357,"580,36 €",
20210523,2459358,"580,36 €",
20210524,2459359,"580,36 €",
20210525,2459360,"580,36 €",
20210526,2459361,"580,36 €",
20210527,2459362,"580,36 €",
20210528,2459363,"580,36 €",
20210529,2459364,"580,36 €",
20210530,2459365,"580,36 €",
20210531,2459366,"580,36 €",
20210601,2459367,"580,36 €",
20210602,2459368,"554,38 €",
20210603,2459369,"554,38 €",
20210604,2459370,"554,38 €",
20210605,2459371,"554,38 €",
20210606,2459372,"554,38 €",
20210607,2459373,"554,38 €",
20210608,2459374,"545,77 €",
20210609,2459375,"545,77 €",
20210610,2459376,"545,77 €",
20210611,2459377,"545,77 €",
20210612,2459378,"545,77 €",
20210613,2459379,"545,77 €",
20210614,2459380,"545,77 €",
20210615,2459381,"545,77 €",
20210616,2459382,"545,77 €",
20210617,2459383,"545,77 €",
20210618,2459384,"545,77 €",
20210619,2459385,"545,77 €",
20210620,2459386,"545,77 €",
20210621,2459387,"551,71 €",
20210622,2459388,"536,42 €",
20210623,2459389,"561,53 €",
20210624,2459390,"541,28 €",
20210625,2459391,"541,28 €",
20210626,2459392,"541,28 €",
20210627,2459393,"541,28 €",
20210628,2459394,"544,86 €",
20210629,2459395,"544,86 €",
20210630,2459396,"544,86 €",
20210701,2459397,"544,86 €",
20210702,2459398,"617,07 €",
20210703,2459399,"617,07 €",
20210704,2459400,"617,07 €",
20210705,2459401,"714,78 €",
20210706,2459402,"714,78 €",
20210707,2459403,"718,36 €",
20210708,2459404,"718,36 €",
20210709,2459405,"726,64 €",
20210710,2459406,"726,64 €",
20210711,2459407,"726,64 €",
20210712,2459408,"726,64 €",
20210713,2459409,"726,64 €",
20210714,2459410,"726,64 €",
20210715,2459411,"726,64 €",
20210716,2459412,"726,64 €",
20210717,2459413,"726,64 €",
20210718,2459414,"726,64 €",
20210719,2459415,"726,64 €",
20210720,2459416,"712,90 €",
20210721,2459417,"716,49 €",
20210722,2459418,"716,49 €",
20210723,2459419,"719,99 €",
20210724,2459420,"719,99 €",
20210725,2459421,"719,99 €",
20210726,2459422,"719,99 €",
20210727,2459423,"724,81 €",
20210728,2459424,"724,81 €",
20210729,2459425,"724,81 €",
20210730,2459426,"724,81 €",
20210731,2459427,"724,81 €",
20210801,2459428,"724,81 €",
20210802,2459429,"724,81 €",
20210803,2459430,"724,81 €",
20210804,2459431,"724,81 €",
20210805,2459432,"724,81 €",
20210806,2459433,"724,81 €",
20210807,2459434,"724,81 €",
20210808,2459435,"724,81 €",
20210809,2459436,"724,81 €",
20210810,2459437,"724,81 €",
20210811,2459438,"724,81 €",
20210812,2459439,"724,81 €",
20210813,2459440,"704,22 €",
20210814,2459441,"703,08 €",
20210815,2459442,"703,08 €",
20210816,2459443,"703,08 €",
20210817,2459444,"703,08 €",
20210818,2459445,"727,28 €",
20210819,2459446,"716,27 €",
20210820,2459447,"716,27 €",
20210821,2459448,"716,27 €",
20210822,2459449,"716,27 €",
20210823,2459450,"716,27 €",
20210824,2459451,"716,27 €",
20210825,2459452,"735,35 €",
20210826,2459453,"891,35 €",
20210827,2459454,"891,35 €",
20210828,2459455,"891,35 €",
20210829,2459456,"891,35 €",
20210830,2459457,"960,56 €",
20210831,2459458,"960,56 €",
20210901,2459459,"960,56 €",
20210902,2459460,"1077,56 €",
20210903,2459461,"1077,56 €",
20210904,2459462,"1077,56 €",
20210905,2459463,"1077,56 €",
20210906,2459464,"1194,56 €",
20210907,2459465,"1194,56 €",
20210908,2459466,"1194,56 €",
20210909,2459467,"1194,56 €",
20210910,2459468,"1194,56 €",
20210911,2459469,"1193,99 €",
20210912,2459470,"1193,99 €",
20210913,2459471,"1310,99 €",
20210914,2459472,"1310,99 €",
20210915,2459473,"1310,99 €",
20210916,2459474,"1290,74 €",
20210917,2459475,"1270,85 €",
20210918,2459476,"1270,85 €",
20210919,2459477,"1270,85 €",
20210920,2459478,"1387,85 €",
20210921,2459479,"1387,85 €",
20210922,2459480,"1357,64 €",
20210923,2459481,"1357,64 €",
20210924,2459482,"1357,64 €",
20210925,2459483,"1357,64 €",
20210926,2459484,"1357,64 €",
20210927,2459485,"1474,64 €",
20210928,2459486,"1474,64 €",
20210929,2459487,"1474,64 €",
20210930,2459488,"1474,64 €",
20211001,2459489,"1474,64 €",
20211002,2459490,"1474,64 €",
20211003,2459491,"1474,64 €",
20211004,2459492,"1591,64 €",
20211005,2459493,"1591,64 €",
20211006,2459494,"1591,64 €",
20211007,2459495,"1591,64 €",
20211008,2459496,"1591,64 €",
20211009,2459497,"1591,64 €",
20211010,2459498,"1591,64 €",
20211011,2459499,"1708,64 €",
20211012,2459500,"1708,64 €",
20211013,2459501,"1708,64 €",
20211014,2459502,"1708,64 €",
20211015,2459503,"1689,38 €",
20211016,2459504,"1689,38 €",
20211017,2459505,"1689,38 €",
20211018,2459506,"1806,38 €",
20211019,2459507,"1806,38 €",
20211020,2459508,"1806,38 €",
20211021,2459509,"1806,38 €",
20211022,2459510,"1803,89 €",
20211023,2459511,"1803,89 €",
20211024,2459512,"1803,89 €",
20211025,2459513,"1803,89 €",
20211026,2459514,"1803,89 €",
20211027,2459515,"1803,89 €",
20211028,2459516,"1803,89 €",
20211029,2459517,"1803,89 €",
20211030,2459518,"1803,89 €",
20211031,2459519,"1803,89 €",
20211101,2459520,"1920,89 €",
20211102,2459521,"1920,89 €",
20211103,2459522,"1920,89 €",
20211104,2459523,"1920,89 €",
20211105,2459524,"1920,89 €",
20211106,2459525,"1920,89 €",
20211107,2459526,"1920,89 €",
20211108,2459527,"2037,89 €",
20211109,2459528,"2037,89 €",
20211110,2459529,"2091,89 €",
20211111,2459530,"2091,89 €",
20211112,2459531,"2130,89 €",
20211113,2459532,"2130,89 €",
20211114,2459533,"2130,89 €",
20211115,2459534,"2286,89 €",
20211116,2459535,"2290,00 €",
20211117,2459536,"2329,00 €",
20211118,2459537,"2329,00 €",
20211119,2459538,"2368,00 €",
20211120,2459539,"2368,00 €",
20211121,2459540,"2368,00 €",
20211122,2459541,"2407,00 €",
20211123,2459542,"2407,00 €",
20211124,2459543,"2446,00 €",
20211125,2459544,"2500,00 €",
20211126,2459545,"2500,00 €",
20211127,2459546,"2500,00 €",
20211128,2459547,"2500,00 €",
20211129,2459548,"2617,00 €",
20211130,2459549,"2652,37 €",
20211201,2459550,"2652,37 €",
20211202,2459551,"2652,37 €",
20211203,2459552,"2652,37 €",
20211204,2459553,"2652,37 €",
20211205,2459554,"2652,37 €",
20211206,2459555,"2717,38 €",
20211207,2459556,"2751,75 €",
20211208,2459557,"2763,37 €",
20211209,2459558,"2763,00 €",
20211210,2459559,"2763,00 €",
20211211,2459560,"2769,24 €",
20211212,2459561,"2769,24 €",
20211213,2459562,"2770,19 €",
20211214,2459563,"2801,35 €",
20211215,2459564,"2801,35 €",
20211216,2459565,"2726,14 €",
20211217,2459566,"2731,18 €",
20211218,2459567,"2731,18 €",
20211219,2459568,"2731,18 €",
20211220,2459569,"2731,18 €",
20211221,2459570,"2621,38 €",
20211222,2459571,"2728,78 €",
20211223,2459572,"2728,78 €",
20211224,2459573,"2728,78 €",
20211225,2459574,"2728,78 €",
20211226,2459575,"2728,78 €",
20211227,2459576,"2728,78 €",
20211228,2459577,"2728,78 €",
20211229,2459578,"2728,78 €",
20211230,2459579,"2728,78 €",
20211231,2459580,"2728,78 €",
20220101,2459581,"2728,78 €",
20220102,2459582,"2728,78 €",
20220103,2459583,"2728,78 €",
20220104,2459584,"2732,34 €",
20220105,2459585,"2732,34 €",
20220106,2459586,"2721,99 €",
20220107,2459587,"2757,26 €",
20220108,2459588,"2757,26 €",
20220109,2459589,"2757,26 €",
20220110,2459590,"2799,26 €",
20220111,2459591,"2799,26 €",
20220112,2459592,"2841,26 €",
20220113,2459593,"2841,26 €",
20220114,2459594,"2883,26 €",
20220115,2459595,"2883,26 €",
20220116,2459596,"2883,26 €",
20220117,2459597,"2883,26 €",
20220118,2459598,"2883,26 €",
20220119,2459599,"2883,26 €",
20220120,2459600,"2925,26 €",
20220121,2459601,"2925,26 €",
20220122,2459602,"2925,26 €",
20220123,2459603,"2925,26 €",
20220124,2459604,"2967,26 €",
20220125,2459605,"2967,26 €",
20220126,2459606,"2967,26 €",
20220127,2459607,"3130,04 €",
20220128,2459608,"3172,04 €",
20220129,2459609,"3172,04 €",
20220130,2459610,"3172,04 €",
20220131,2459611,"3179,84 €",
20220201,2459612,"3179,84 €",
20220202,2459613,"3179,84 €",
20220203,2459614,"3258,83 €",
20220204,2459615,"3258,83 €",
20220205,2459616,"3258,83 €",
20220206,2459617,"3258,83 €",
20220207,2459618,"3258,83 €",
20220208,2459619,"3258,83 €",
20220209,2459620,"3258,83 €",
20220210,2459621,"3258,83 €",
20220211,2459622,"3258,83 €",
20220212,2459623,"3258,83 €",
20220213,2459624,"3258,83 €",
20220214,2459625,"3258,83 €",
20220215,2459626,"3258,83 €",
20220216,2459627,"3312,83 €",
20220217,2459628,"3312,83 €",
20220218,2459629,"3312,83 €",
20220219,2459630,"3312,83 €",
20220220,2459631,"3312,83 €",
20220221,2459632,"3312,83 €",
20220222,2459633,"3353,90 €",
20220223,2459634,"3353,90 €",
20220224,2459635,"3353,90 €",
20220225,2459636,"3357,57 €",
20220226,2459637,"3357,57 €",
20220227,2459638,"3357,57 €",
20220228,2459639,"3411,57 €",
20220301,2459640,"3392,19 €",
20220302,2459641,"3391,29 €",
20220303,2459642,"3391,29 €",
20220304,2459643,"3391,29 €",
20220305,2459644,"3391,29 €",
20220306,2459645,"3391,29 €",
20220307,2459646,"3391,29 €",
20220308,2459647,"3387,67 €",
20220309,2459648,"3387,67 €",
20220310,2459649,"3387,67 €",
20220311,2459650,"3387,67 €",
20220312,2459651,"3387,67 €",
20220313,2459652,"3387,67 €",
20220314,2459653,"3387,67 €",
20220315,2459654,"3387,67 €",
20220316,2459655,"3387,67 €",
20220317,2459656,"3377,17 €",
20220318,2459657,"3377,17 €",
20220319,2459658,"3377,17 €",
20220320,2459659,"3377,17 €",
20220321,2459660,"3377,17 €",
20220322,2459661,"3377,17 €",
20220323,2459662,"3377,17 €",
20220324,2459663,"3377,17 €",
20220325,2459664,"3376,47 €",
20220326,2459665,"3364,77 €",
20220327,2459666,"3364,77 €",
20220328,2459667,"3364,77 €",
20220329,2459668,"3364,77 €",
20220330,2459669,"3364,77 €",
20220331,2459670,"3364,77 €",
20220401,2459671,"3406,77 €",
20220402,2459672,"3406,77 €",
20220403,2459673,"3406,77 €",
20220404,2459674,"3460,77 €",
20220405,2459675,"3460,77 €",
20220406,2459676,"3460,77 €",
20220407,2459677,"3460,77 €",
20220408,2459678,"3460,77 €",
20220409,2459679,"3460,77 €",
20220410,2459680,"3460,77 €",
20220411,2459681,"3460,77 €",
20220412,2459682,"3460,77 €",
20220413,2459683,"3460,77 €",
20220414,2459684,"3460,77 €",
20220415,2459685,"3460,77 €",
20220416,2459686,"3460,77 €",
20220417,2459687,"3460,77 €",
20220418,2459688,"3506,83 €",
20220419,2459689,"3506,83 €",
20220420,2459690,"3506,83 €",
20220421,2459691,"3506,83 €",
20220422,2459692,"3506,83 €",
20220423,2459693,"3506,83 €",
20220424,2459694,"3506,83 €",
20220425,2459695,"3548,83 €",
20220426,2459696,"3552,85 €",
20220427,2459697,"3532,17 €",
20220428,2459698,"3536,07 €",
20220429,2459699,"3536,07 €",
20220430,2459700,"3536,07 €",
20220501,2459701,"3536,07 €",
20220502,2459702,"3536,07 €",
20220503,2459703,"3546,57 €",
20220504,2459704,"3600,57 €",
20220505,2459705,"3596,90 €",
20220506,2459706,"3638,90 €",
20220507,2459707,"3638,90 €",
20220508,2459708,"3638,90 €",
20220509,2459709,"3638,90 €",
20220510,2459710,"3638,90 €",
20220511,2459711,"3638,90 €",
20220512,2459712,"3638,90 €",
20220513,2459713,"3638,90 €",
20220514,2459714,"3638,90 €",
20220515,2459715,"3638,90 €",
20220516,2459716,"3638,90 €",
20220517,2459717,"3638,90 €",
20220518,2459718,"3677,81 €",
20220519,2459719,"3677,81 €",
20220520,2459720,"3779,81 €",
20220521,2459721,"3779,81 €",
20220522,2459722,"3779,81 €",
20220523,2459723,"3779,81 €",
20220524,2459724,"3779,81 €",
20220525,2459725,"3779,81 €",
20220526,2459726,"3779,81 €",
20220527,2459727,"3779,81 €",
20220528,2459728,"3779,81 €",
20220529,2459729,"3779,81 €",
20220530,2459730,"3779,81 €",
20220531,2459731,"3779,81 €",
20220601,2459732,"3779,81 €",
20220602,2459733,"3779,81 €",
20220603,2459734,"3779,81 €",
20220604,2459735,"3779,81 €",
20220605,2459736,"3779,81 €",
20220606,2459737,"3779,81 €",
20220607,2459738,"3953,81 €",
20220608,2459739,"3953,81 €",
20220609,2459740,"3953,81 €",
20220610,2459741,"3953,81 €",
20220611,2459742,"3953,81 €",
20220612,2459743,"3953,81 €",
20220613,2459744,"3953,81 €",
20220614,2459745,"3953,81 €",
20220615,2459746,"3953,81 €",
20220616,2459747,"4007,81 €",
20220617,2459748,"4007,81 €",
20220618,2459749,"4007,81 €",
20220619,2459750,"4007,81 €",
20220620,2459751,"4007,81 €",
20220621,2459752,"4001,87 €",
20220622,2459753,"4026,44 €",
20220623,2459754,"4058,49 €",
20220624,2459755,"4058,49 €",
20220625,2459756,"4058,49 €",
20220626,2459757,"4058,49 €",
20220627,2459758,"4062,56 €",
20220628,2459759,"4058,97 €",
20220629,2459760,"4076,85 €",
20220630,2459761,"4190,67 €",
20220701,2459762,"4190,67 €",
20220702,2459763,"4118,46 €",
20220703,2459764,"4118,46 €",
20220704,2459765,"4160,46 €",
20220705,2459766,"4062,75 €",
20220706,2459767,"4062,75 €",
20220707,2459768,"4059,17 €",
20220708,2459769,"4059,17 €",
20220709,2459770,"4050,89 €",
20220710,2459771,"4050,89 €",
20220711,2459772,"4056,89 €",
20220712,2459773,"4056,89 €",
20220713,2459774,"4056,89 €",
20220714,2459775,"4056,89 €",
20220715,2459776,"4056,89 €",
20220716,2459777,"4056,89 €",
20220717,2459778,"4056,89 €",
20220718,2459779,"4098,89 €",
20220719,2459780,"4128,15 €",
20220720,2459781,"4128,15 €",
20220721,2459782,"4124,56 €",
20220722,2459783,"4124,56 €",
20220723,2459784,"4121,07 €",
20220724,2459785,"4152,15 €",
20220725,2459786,"4152,15 €",
20220726,2459787,"4194,15 €",
20220727,2459788,"4189,32 €",
20220728,2459789,"4208,46 €",
20220729,2459790,"4215,05 €",
20220730,2459791,"4224,62 €",
20220731,2459792,"4224,62 €",
20220801,2459793,"4279,91 €",
20220802,2459794,"4279,91 €",
20220803,2459795,"4279,91 €",
20220804,2459796,"4279,91 €",
20220805,2459797,"4279,91 €",
20220806,2459798,"4279,91 €",
20220807,2459799,"4279,91 €",
20220808,2459800,"4279,91 €",
20220809,2459801,"4279,91 €",
20220810,2459802,"4279,91 €",
20220811,2459803,"4321,91 €",
20220812,2459804,"4321,91 €",
20220813,2459805,"4321,91 €",
20220814,2459806,"4321,91 €",
20220815,2459807,"4321,91 €",
20220816,2459808,"4321,91 €",
20220817,2459809,"4321,91 €",
20220818,2459810,"4297,71 €",
20220819,2459811,"4297,71 €",
20220820,2459812,"4297,71 €",
20220821,2459813,"4297,71 €",
20220822,2459814,"4351,71 €",
20220823,2459815,"4351,71 €",
20220824,2459816,"4408,01 €",
20220825,2459817,"4388,93 €",
20220826,2459818,"4232,93 €",
20220827,2459819,"4232,93 €",
20220828,2459820,"4232,93 €",
20220829,2459821,"4278,09 €",
20220830,2459822,"4208,88 €",
20220831,2459823,"4208,88 €",
20220901,2459824,"4208,88 €",
20220902,2459825,"4197,63 €",
20220903,2459826,"4197,63 €",
20220904,2459827,"4197,63 €",
20220905,2459828,"4212,24 €",
20220906,2459829,"4099,15 €",
20220907,2459830,"4153,15 €",
20220908,2459831,"4153,15 €",
20220909,2459832,"4169,14 €",
20220910,2459833,"4169,14 €",
20220911,2459834,"4169,14 €",
20220912,2459835,"4169,14 €",
20220913,2459836,"4052,14 €",
20220914,2459837,"4052,14 €",
20220915,2459838,"4052,14 €",
20220916,2459839,"4052,14 €",
20220917,2459840,"4052,14 €",
20220918,2459841,"4052,14 €",
20220919,2459842,"4052,14 €",
20220920,2459843,"3945,58 €",
20220921,2459844,"3945,58 €",
20220922,2459845,"3945,58 €",
20220923,2459846,"3945,58 €",
20220924,2459847,"3945,58 €",
20220925,2459848,"3945,58 €",
20220926,2459849,"3945,58 €",
20220927,2459850,"3828,58 €",
20220928,2459851,"3828,58 €",
20220929,2459852,"3828,58 €",
20220930,2459853,"3828,58 €",
20221001,2459854,"3828,58 €",
20221002,2459855,"3828,58 €",
20221003,2459856,"3915,58 €",
20221004,2459857,"3798,58 €",
20221005,2459858,"3849,58 €",
20221006,2459859,"3849,58 €",
20221007,2459860,"3849,58 €",
20221008,2459861,"3849,58 €",
20221009,2459862,"3849,58 €",
20221010,2459863,"3849,58 €",
20221011,2459864,"3732,58 €",
20221012,2459865,"3732,58 €",
20221013,2459866,"3732,58 €",
20221014,2459867,"3732,58 €",
20221015,2459868,"3732,58 €",
20221016,2459869,"3732,58 €",
20221017,2459870,"3732,58 €",
20221018,2459871,"3615,58 €",
20221019,2459872,"3615,58 €",
20221020,2459873,"3615,58 €",
20221021,2459874,"3615,58 €",
20221022,2459875,"3615,58 €",
20221023,2459876,"3615,58 €",
20221024,2459877,"3615,58 €",
20221025,2459878,"3615,58 €",
20221026,2459879,"3630,85 €",
20221027,2459880,"3651,34 €",
20221028,2459881,"3651,34 €",
20221029,2459882,"3651,34 €",
20221030,2459883,"3651,34 €",
20221031,2459884,"3651,34 €",
20221101,2459885,"3534,34 €",
20221102,2459886,"3534,34 €",
20221103,2459887,"3635,05 €",
20221104,2459888,"3635,05 €",
20221105,2459889,"3635,05 €",
20221106,2459890,"3635,05 €",
20221107,2459891,"3635,05 €",
20221108,2459892,"3518,05 €",
20221109,2459893,"3518,05 €",
20221110,2459894,"3464,05 €",
20221111,2459895,"3464,05 €",
20221112,2459896,"3425,05 €",
20221113,2459897,"3425,05 €",
20221114,2459898,"3425,05 €",
20221115,2459899,"3367,96 €",
20221116,2459900,"3466,74 €",
20221117,2459901,"3427,74 €",
20221118,2459902,"3427,74 €",
20221119,2459903,"3388,74 €",
20221120,2459904,"3388,74 €",
20221121,2459905,"3388,74 €",
20221122,2459906,"3349,74 €",
20221123,2459907,"3403,74 €",
20221124,2459908,"3490,74 €",
20221125,2459909,"3436,74 €",
20221126,2459910,"3436,74 €",
20221127,2459911,"3436,74 €",
20221128,2459912,"3436,74 €",
20221129,2459913,"3319,74 €",
20221130,2459914,"3287,65 €",
20221201,2459915,"3329,65 €",
20221202,2459916,"3329,65 €",
20221203,2459917,"3337,76 €",
20221204,2459918,"3337,76 €",
20221205,2459919,"3463,76 €",
20221206,2459920,"3402,66 €",
20221207,2459921,"3536,28 €",
20221208,2459922,"3505,29 €",
20221209,2459923,"3502,07 €",
20221210,2459924,"3502,07 €",
20221211,2459925,"3495,83 €",
20221212,2459926,"3495,83 €",
20221213,2459927,"3494,88 €",
20221214,2459928,"3517,72 €",
20221215,2459929,"3517,72 €",
20221216,2459930,"3517,72 €",
20221217,2459931,"3512,68 €",
20221218,2459932,"3512,68 €",
20221219,2459933,"3512,68 €",
20221220,2459934,"3512,68 €",
20221221,2459935,"3506,98 €",
20221222,2459936,"3399,58 €",
20221223,2459937,"3399,58 €",
20221224,2459938,"3399,58 €",
20221225,2459939,"3399,58 €",
20221226,2459940,"3399,58 €",
20221227,2459941,"3399,58 €",
20221228,2459942,"3399,58 €",
20221229,2459943,"3399,58 €",
20221230,2459944,"3399,58 €",
20221231,2459945,"3399,58 €",
20230101,2459946,"3399,58 €",
20230102,2459947,"3399,58 €",
20230103,2459948,"3422,86 €",
20230104,2459949,"3419,30 €",
20230105,2459950,"3419,30 €",
20230106,2459951,"3419,30 €",
20230107,2459952,"3384,03 €",
20230108,2459953,"3384,03 €",
20230109,2459954,"3384,03 €",
20230110,2459955,"3342,03 €",
20230111,2459956,"3342,03 €",
20230112,2459957,"3300,03 €",
20230113,2459958,"3300,03 €",
20230114,2459959,"3258,03 €",
20230115,2459960,"3258,03 €",
20230116,2459961,"3258,03 €",
20230117,2459962,"3258,03 €",
20230118,2459963,"3258,03 €",
20230119,2459964,"3258,03 €",
20230120,2459965,"3216,03 €",
20230121,2459966,"3216,03 €",
20230122,2459967,"3216,03 €",
20230123,2459968,"3216,03 €",
20230124,2459969,"3174,03 €",
20230125,2459970,"3174,03 €",
20230126,2459971,"3174,03 €",
20230127,2459972,"3011,25 €",
20230128,2459973,"2969,25 €",
20230129,2459974,"2969,25 €",
20230130,2459975,"2992,52 €",
20230131,2459976,"2984,72 €",
20230201,2459977,"2984,72 €",
20230202,2459978,"2984,72 €",
20230203,2459979,"2905,73 €",
20230204,2459980,"2905,73 €",
20230205,2459981,"2905,73 €",
20230206,2459982,"2905,73 €",
20230207,2459983,"2905,73 €",
20230208,2459984,"2905,73 €",
20230209,2459985,"2950,73 €",
20230210,2459986,"2950,73 €",
20230211,2459987,"2950,73 €",
20230212,2459988,"2950,73 €",
20230213,2459989,"2967,62 €",
20230214,2459990,"2967,62 €",
20230215,2459991,"2967,62 €",
20230216,2459992,"2913,62 €",
20230217,2459993,"2913,62 €",
20230218,2459994,"2913,62 €",
20230219,2459995,"2913,62 €",
20230220,2459996,"2913,62 €",
20230221,2459997,"2913,62 €",
20230222,2459998,"2871,62 €",
20230223,2459999,"2871,62 €",
20230224,2460000,"2871,62 €",
20230225,2460001,"2867,95 €",
20230226,2460002,"2867,95 €",
20230227,2460003,"2925,62 €",
20230228,2460004,"2875,53 €",
20230301,2460005,"2875,53 €",
20230302,2460006,"2875,53 €",
20230303,2460007,"2875,53 €",
20230304,2460008,"2875,53 €",
20230305,2460009,"2875,53 €",
20230306,2460010,"2875,53 €",
20230307,2460011,"2875,53 €",
20230308,2460012,"2875,53 €",
20230309,2460013,"2875,53 €",
20230310,2460014,"2875,53 €",
20230311,2460015,"2875,53 €",
20230312,2460016,"2875,53 €",
20230313,2460017,"2875,53 €",
20230314,2460018,"2875,53 €",
20230315,2460019,"2875,53 €",
20230316,2460020,"2875,53 €",
20230317,2460021,"2875,53 €",
20230318,2460022,"2875,53 €",
20230319,2460023,"2875,53 €",
20230320,2460024,"2875,53 €",
20230321,2460025,"2875,53 €",
20230322,2460026,"2890,02 €",
20230323,2460027,"2890,02 €",
20230324,2460028,"2890,02 €",
20230325,2460029,"2890,02 €",
20230326,2460030,"2914,14 €",
20230327,2460031,"2914,14 €",
20230328,2460032,"2914,14 €",
20230329,2460033,"2914,14 €",
20230330,2460034,"2914,14 €",
20230331,2460035,"2914,14 €",
20230401,2460036,"2872,14 €",
20230402,2460037,"2872,14 €",
20230403,2460038,"2872,14 €",
20230404,2460039,"2842,23 €",
20230405,2460040,"2842,23 €",
20230406,2460041,"2842,23 €",
20230407,2460042,"2842,23 €",
20230408,2460043,"2842,23 €",
20230409,2460044,"2842,23 €",
20230410,2460045,"2842,23 €",
20230411,2460046,"2842,23 €",
20230412,2460047,"2842,23 €",
20230413,2460048,"2842,23 €",
20230414,2460049,"2842,23 €",
20230415,2460050,"2842,23 €",
20230416,2460051,"2845,40 €",
20230417,2460052,"2845,40 €",
20230418,2460053,"2799,34 €",
20230419,2460054,"2799,34 €",
20230420,2460055,"2799,34 €",
20230421,2460056,"2803,43 €",
20230422,2460057,"2803,43 €",
20230423,2460058,"2803,43 €",
20230424,2460059,"2803,43 €",
20230425,2460060,"2786,60 €",
20230426,2460061,"2798,39 €",
20230427,2460062,"2744,39 €",
20230428,2460063,"2740,48 €",
20230429,2460064,"2740,48 €",
20230430,2460065,"2794,48 €",
20230501,2460066,"2794,48 €",
20230502,2460067,"2794,48 €",
20230503,2460068,"2783,98 €",
20230504,2460069,"2729,98 €",
20230505,2460070,"2729,98 €",
20230506,2460071,"2687,98 €",
20230507,2460072,"2687,98 €",
20230508,2460073,"2687,98 €",
20230509,2460074,"2687,98 €",
20230510,2460075,"2687,98 €",
20230511,2460076,"2687,98 €",
20230512,2460077,"2687,98 €",
20230513,2460078,"2687,98 €",
20230514,2460079,"2687,98 €",
20230515,2460080,"2687,98 €",
20230516,2460081,"2751,37 €",
20230517,2460082,"2751,37 €",
20230518,2460083,"2691,49 €",
20230519,2460084,"2691,49 €",
20230520,2460085,"2589,49 €",
20230521,2460086,"2589,49 €",
20230522,2460087,"2589,49 €",
20230523,2460088,"2589,49 €",
20230524,2460089,"2589,49 €",
20230525,2460090,"2589,49 €",
20230526,2460091,"2589,49 €",
20230527,2460092,"2589,49 €",
20230528,2460093,"2589,49 €",
20230529,2460094,"2621,59 €",
20230530,2460095,"2621,59 €",
20230531,2460096,"2621,59 €",
20230601,2460097,"2621,59 €",
20230602,2460098,"2621,59 €",
20230603,2460099,"2621,59 €",
20230604,2460100,"2621,59 €",
20230605,2460101,"2621,59 €",
20230606,2460102,"2621,59 €",
20230607,2460103,"2447,59 €",
20230608,2460104,"2447,59 €",
20230609,2460105,"2447,59 €",
20230610,2460106,"2447,59 €",
20230611,2460107,"2548,30 €",
20230612,2460108,"2548,30 €",
20230613,2460109,"2548,30 €",
20230614,2460110,"2548,30 €",
20230615,2460111,"2548,30 €",
20230616,2460112,"2494,30 €",
20230617,2460113,"2494,30 €",
20230618,2460114,"2498,29 €",
20230619,2460115,"2498,29 €",
20230620,2460116,"2498,29 €",
20230621,2460117,"2688,43 €",
20230622,2460118,"2827,66 €",
20230623,2460119,"2770,51 €",
20230624,2460120,"2770,51 €",
20230625,2460121,"2770,51 €",
20230626,2460122,"2770,51 €",
20230627,2460123,"2766,44 €",
20230628,2460124,"2768,21 €",
20230629,2460125,"2750,90 €",
20230630,2460126,"2637,08 €",
20230701,2460127,"2637,08 €",
20230702,2460128,"2686,63 €",
20230703,2460129,"2740,63 €",
20230704,2460130,"2698,63 €",
20230705,2460131,"2869,63 €",
20230706,2460132,"2870,22 €",
20230707,2460133,"2870,22 €",
20230708,2460134,"2870,22 €",
20230709,2460135,"2924,22 €",
20230710,2460136,"2969,22 €",
20230711,2460137,"3008,22 €",
20230712,2460138,"3008,22 €",
20230713,2460139,"3008,22 €",
20230714,2460140,"3013,92 €",
20230715,2460141,"3013,92 €",
20230716,2460142,"3058,92 €",
20230717,2460143,"3058,92 €",
20230718,2460144,"3061,92 €",
20230719,2460145,"3033,53 €",
20230720,2460146,"3078,53 €",
20230721,2460147,"3078,53 €",
20230722,2460148,"3078,53 €",
20230723,2460149,"3123,53 €",
20230724,2460150,"3137,45 €",
20230725,2460151,"3137,45 €",
20230726,2460152,"3140,45 €",
20230727,2460153,"3140,45 €",
20230728,2460154,"3121,31 €",
20230729,2460155,"3114,72 €",
20230730,2460156,"3105,15 €",
20230731,2460157,"3150,15 €",
20230801,2460158,"3094,86 €",
20230802,2460159,"3149,73 €",
20230803,2460160,"3194,73 €",
20230804,2460161,"3194,73 €",
20230805,2460162,"3194,73 €",
20230806,2460163,"3248,73 €",
20230807,2460164,"3248,73 €",
20230808,2460165,"3248,73 €",
20230809,2460166,"3293,73 €",
20230810,2460167,"3338,73 €",
20230811,2460168,"3296,73 €",
20230812,2460169,"3296,73 €",
20230813,2460170,"3365,81 €",
20230814,2460171,"3391,58 €",
20230815,2460172,"3445,58 €",
20230816,2460173,"3445,58 €",
20230817,2460174,"3490,58 €",
20230818,2460175,"3490,58 €",
20230819,2460176,"3490,58 €",
20230820,2460177,"3544,58 €",
20230821,2460178,"3589,58 €",
20230822,2460179,"3536,39 €",
20230823,2460180,"3536,39 €",
20230824,2460181,"3525,09 €",
20230825,2460182,"3530,07 €",
20230826,2460183,"3530,07 €",
20230827,2460184,"3530,07 €",
20230828,2460185,"3530,07 €",
20230829,2460186,"3484,90 €",
20230830,2460187,"3493,60 €",
20230831,2460188,"3493,60 €",
20230901,2460189,"3493,60 €",
20230902,2460190,"3387,85 €",
20230903,2460191,"3432,85 €",
20230904,2460192,"3432,85 €",
20230905,2460193,"3419,11 €",
20230906,2460194,"3415,20 €",
20230907,2460195,"3361,20 €",
20230908,2460196,"3361,20 €",
20230909,2460197,"3345,21 €",
20230910,2460198,"3345,21 €",
20230911,2460199,"3345,21 €",
20230912,2460200,"3347,90 €",
20230913,2460201,"3347,90 €",
20230914,2460202,"3347,90 €",
20230915,2460203,"3347,90 €",
20230916,2460204,"3347,90 €",
20230917,2460205,"3347,90 €",
20230918,2460206,"3347,90 €",
20230919,2460207,"3347,90 €",
20230920,2460208,"3337,46 €",
20230921,2460209,"3353,83 €",
20230922,2460210,"3353,83 €",
20230923,2460211,"3353,83 €",
20230924,2460212,"3354,58 €",
20230925,2460213,"3354,58 €",
20230926,2460214,"3354,58 €",
20230927,2460215,"3354,58 €",
20230928,2460216,"3354,58 €",
20230929,2460217,"3354,58 €",
20230930,2460218,"3354,58 €",
20231001,2460219,"3480,58 €",
20231002,2460220,"3480,58 €",
20231003,2460221,"3393,58 €",
20231004,2460222,"3393,58 €",
20231005,2460223,"3342,58 €",
20231006,2460224,"3342,58 €",
20231007,2460225,"3342,58 €",
20231008,2460226,"3342,58 €",
20231009,2460227,"3342,58 €",
20231010,2460228,"3342,58 €",
20231011,2460229,"3342,58 €",
20231012,2460230,"3342,58 €",
20231013,2460231,"3342,58 €",
20231014,2460232,"3342,58 €",
20231015,2460233,"3468,58 €",
20231016,2460234,"3468,58 €",
20231017,2460235,"3724,78 €",
20231018,2460236,"3724,78 €",
20231019,2460237,"3724,78 €",
20231020,2460238,"3724,78 €",
20231021,2460239,"3724,78 €",
20231022,2460240,"3724,78 €",
20231023,2460241,"3724,78 €",
20231024,2460242,"3724,78 €",
20231025,2460243,"3724,78 €",
20231026,2460244,"3709,51 €",
20231027,2460245,"3689,02 €",
20231028,2460246,"3689,02 €",
20231029,2460247,"3815,02 €",
20231030,2460248,"3815,02 €",
20231031,2460249,"3948,52 €",
20231101,2460250,"3948,52 €",
20231102,2460251,"3948,52 €",
20231103,2460252,"3847,81 €",
20231104,2460253,"3847,81 €",
20231105,2460254,"3847,81 €",
20231106,2460255,"3847,81 €",
20231107,2460256,"3847,81 €",
20231108,2460257,"3847,81 €",
20231109,2460258,"3847,81 €",
20231110,2460259,"3847,81 €",
20231111,2460260,"3847,81 €",
20231112,2460261,"3847,81 €",
20231113,2460262,"3847,81 €",
20231114,2460263,"3847,81 €",
20231115,2460264,"3748,90 €",
20231116,2460265,"3647,02 €",
20231117,2460266,"3647,02 €",
20231118,2460267,"3647,02 €",
20231119,2460268,"3710,41 €",
20231120,2460269,"3710,41 €",
20231121,2460270,"3714,45 €",
20231122,2460271,"3714,45 €",
20231123,2460272,"3660,45 €",
20231124,2460273,"3534,45 €",
20231125,2460274,"3534,45 €",
20231126,2460275,"3534,45 €",
20231127,2460276,"3534,45 €",
20231128,2460277,"3667,95 €",
20231129,2460278,"3667,95 €",
20231130,2460279,"3664,66 €",
20231201,2460280,"3622,66 €",
20231202,2460281,"3622,66 €",
20231203,2460282,"3614,56 €",
20231204,2460283,"3614,56 €",
20231205,2460284,"3488,56 €",
20231206,2460285,"3484,65 €",
20231207,2460286,"3316,65 €",
20231208,2460287,"3316,65 €",
20231209,2460288,"3316,65 €",
20231210,2460289,"3316,65 €",
20231211,2460290,"3316,65 €",
20231212,2460291,"3316,65 €",
20231213,2460292,"3316,65 €",
20231214,2460293,"3262,65 €",
20231215,2460294,"3262,65 €",
20231216,2460295,"3262,65 €",
20231217,2460296,"3388,65 €",
20231218,2460297,"3388,65 €",
20231219,2460298,"3522,15 €",
20231220,2460299,"3522,15 €",
20231221,2460300,"3522,15 €",
20231222,2460301,"3522,15 €",
20231223,2460302,"3522,15 €",
20231224,2460303,"3522,15 €",
20231225,2460304,"3522,15 €",
20231226,2460305,"3522,15 €",
20231227,2460306,"3522,15 €",
20231228,2460307,"3522,15 €",
20231229,2460308,"3522,15 €",
20231230,2460309,"3522,15 €",
20231231,2460310,"3522,15 €",
20240101,2460311,"3522,15 €",
20240102,2460312,"3522,15 €",
20240103,2460313,"3498,87 €",
20240104,2460314,"3516,18 €",
20240105,2460315,"3516,18 €",
20240106,2460316,"3516,18 €",
20240107,2460317,"3516,18 €",
20240108,2460318,"3516,18 €",
20240109,2460319,"3516,18 €",
20240110,2460320,"3516,18 €",
20240111,2460321,"3516,18 €",
20240112,2460322,"3516,18 €",
20240113,2460323,"3516,18 €",
20240114,2460324,"3516,18 €",
20240115,2460325,"3516,18 €",
20240116,2460326,"3516,18 €",
20240117,2460327,"3516,18 €",
20240118,2460328,"3516,18 €",
20240119,2460329,"3516,18 €",
20240120,2460330,"3516,18 €",
20240121,2460331,"3516,18 €",
20240122,2460332,"3516,18 €",
20240123,2460333,"3516,18 €",
20240124,2460334,"3516,18 €",
20240125,2460335,"3516,18 €",
20240126,2460336,"3516,18 €",
20240127,2460337,"3516,18 €",
20240128,2460338,"3516,18 €",
20240129,2460339,"3516,18 €",
20240130,2460340,"3492,91 €",
20240131,2460341,"3492,91 €",
20240201,2460342,"3492,91 €",
20240202,2460343,"3492,91 €",
20240203,2460344,"3492,91 €",
20240204,2460345,"3492,91 €",
20240205,2460346,"3492,91 €",
20240206,2460347,"3492,91 €",
20240207,2460348,"3492,91 €",
20240208,2460349,"3492,91 €",
20240209,2460350,"3447,91 €",
20240210,2460351,"3447,91 €",
20240211,2460352,"3447,91 €",
20240212,2460353,"3447,91 €",
20240213,2460354,"3431,02 €",
20240214,2460355,"3431,02 €",
20240215,2460356,"3431,02 €",
20240216,2460357,"3431,02 €",
20240217,2460358,"3431,02 €",
20240218,2460359,"3431,02 €",
20240219,2460360,"3431,02 €",
20240220,2460361,"3431,02 €",
20240221,2460362,"3431,02 €",
20240222,2460363,"3431,02 €",
20240223,2460364,"3431,02 €",
20240224,2460365,"3431,02 €",
20240225,2460366,"3431,02 €",
20240226,2460367,"3431,02 €",
20240227,2460368,"3373,34 €",
20240228,2460369,"3369,43 €",
20240229,2460370,"3369,43 €",
20240301,2460371,"3369,43 €",
20240302,2460372,"3369,43 €",
20240303,2460373,"3369,43 €",
20240304,2460374,"3369,43 €",
20240305,2460375,"3369,43 €",
20240306,2460376,"3369,43 €",
20240307,2460377,"3369,43 €",
20240308,2460378,"3369,43 €",
20240309,2460379,"3369,43 €",
20240310,2460380,"3369,43 €",
20240311,2460381,"3369,43 €",
20240312,2460382,"3369,43 €",
20240313,2460383,"3369,43 €",
20240314,2460384,"3369,43 €",
20240315,2460385,"3369,43 €",
20240316,2460386,"3369,43 €",
20240317,2460387,"3369,43 €",
20240318,2460388,"3369,43 €",
20240319,2460389,"3369,43 €",
20240320,2460390,"3369,43 €",
20240321,2460391,"3369,43 €",
20240322,2460392,"3354,94 €",
20240323,2460393,"3354,94 €",
20240324,2460394,"3354,94 €",
20240325,2460395,"3354,94 €",
20240326,2460396,"3330,82 €",
20240327,2460397,"3330,82 €",
20240328,2460398,"3330,82 €",
20240329,2460399,"3330,82 €",
20240330,2460400,"3330,82 €",
20240331,2460401,"3330,82 €",
20240401,2460402,"3330,82 €",
20240402,2460403,"3330,82 €",
20240403,2460404,"3330,82 €",
20240404,2460405,"3306,73 €",
20240405,2460406,"3306,73 €",
20240406,2460407,"3306,73 €",
20240407,2460408,"3306,73 €",
20240408,2460409,"3306,73 €",
20240409,2460410,"3306,73 €",
20240410,2460411,"3306,73 €",
20240411,2460412,"3306,73 €",
20240412,2460413,"3306,73 €",
20240413,2460414,"3306,73 €",
20240414,2460415,"3306,73 €",
20240415,2460416,"3306,73 €",
20240416,2460417,"3303,56 €",
20240417,2460418,"3303,56 €",
20240418,2460419,"3303,56 €",
20240419,2460420,"3303,56 €",
20240420,2460421,"3303,56 €",
20240421,2460422,"3299,48 €",
20240422,2460423,"3299,48 €",
20240423,2460424,"3299,48 €",
20240424,2460425,"3299,48 €",
20240425,2460426,"3274,31 €",
20240426,2460427,"3258,50 €",
20240427,2460428,"3258,50 €",
20240428,2460429,"3258,50 €",
20240429,2460430,"3258,50 €",
20240430,2460431,"3204,50 €",
20240501,2460432,"3204,50 €",
20240502,2460433,"3204,50 €",
20240503,2460434,"3204,50 €",
20240504,2460435,"3204,50 €",
20240505,2460436,"3204,50 €",
20240506,2460437,"3204,50 €",
20240507,2460438,"3204,50 €",
20240508,2460439,"3204,50 €",
20240509,2460440,"3204,50 €",
20240510,2460441,"3204,50 €",
20240511,2460442,"3204,50 €",
20240512,2460443,"3204,50 €",
20240513,2460444,"3204,50 €",
20240514,2460445,"3204,50 €",
20240515,2460446,"3204,50 €",
20240516,2460447,"3141,11 €",
20240517,2460448,"3141,11 €",
20240518,2460449,"3141,11 €",
20240519,2460450,"3141,11 €",
20240520,2460451,"3141,11 €",
20240521,2460452,"3141,11 €",
20240522,2460453,"3141,11 €",
20240523,2460454,"3141,11 €",
20240524,2460455,"3141,11 €",
20240525,2460456,"3141,11 €",
20240526,2460457,"3141,11 €",
20240527,2460458,"3141,11 €",
20240528,2460459,"3141,11 €",
20240529,2460460,"3109,01 €",
20240530,2460461,"3109,01 €",
20240531,2460462,"3109,01 €",
20240601,2460463,"3109,01 €",
20240602,2460464,"3109,01 €",
20240603,2460465,"3109,01 €",
20240604,2460466,"3109,01 €",
20240605,2460467,"3109,01 €",
20240606,2460468,"3109,01 €",
20240607,2460469,"3109,01 €",
20240608,2460470,"3109,01 €",
20240609,2460471,"3109,01 €",
20240610,2460472,"3109,01 €",
20240611,2460473,"3008,30 €",
20240612,2460474,"3008,30 €",
20240613,2460475,"3008,30 €",
20240614,2460476,"3008,30 €",
20240615,2460477,"3008,30 €",
20240616,2460478,"3008,30 €",
20240617,2460479,"3008,30 €",
20240618,2460480,"3004,31 €",
20240619,2460481,"3004,31 €",
20240620,2460482,"3004,31 €",
20240621,2460483,"2814,17 €",
20240622,2460484,"2650,37 €",
20240623,2460485,"2650,37 €",
20240624,2460486,"2650,37 €",
20240625,2460487,"2650,37 €",
20240626,2460488,"2650,37 €",
20240627,2460489,"2650,37 €",
20240628,2460490,"2648,60 €",
20240629,2460491,"2648,03 €",
20240630,2460492,"2648,03 €",
20240701,2460493,"2648,03 €",
20240702,2460494,"2598,48 €",
20240703,2460495,"2544,48 €",
20240704,2460496,"2544,48 €",
20240705,2460497,"2373,48 €",
20240706,2460498,"2372,89 €",
20240707,2460499,"2372,89 €",
20240708,2460500,"2372,89 €",
20240709,2460501,"2318,89 €",
20240710,2460502,"2273,89 €",
20240711,2460503,"2228,89 €",
20240712,2460504,"2228,89 €",
20240713,2460505,"2228,89 €",
20240714,2460506,"2223,20 €",
20240715,2460507,"2223,20 €",
20240716,2460508,"2178,20 €",
20240717,2460509,"2178,20 €",
20240718,2460510,"2133,20 €",
20240719,2460511,"2132,32 €",
20240720,2460512,"2087,32 €",
20240721,2460513,"2087,32 €",
20240722,2460514,"2087,32 €",
20240723,2460515,"2042,33 €",
20240724,2460516,"1997,33 €",
20240725,2460517,"1997,33 €",
20240726,2460518,"1952,33 €",
20240727,2460519,"1952,33 €",
20240728,2460520,"1952,33 €",
20240729,2460521,"1952,33 €",
20240730,2460522,"1952,33 €",
20240731,2460523,"1907,33 €",
20240801,2460524,"1907,33 €",
20240802,2460525,"1852,45 €",
20240803,2460526,"1807,45 €",
20240804,2460527,"1807,45 €",
20240805,2460528,"1807,45 €",
20240806,2460529,"1753,45 €",
20240807,2460530,"1753,45 €",
20240808,2460531,"1753,45 €",
20240809,2460532,"1708,45 €",
20240810,2460533,"1663,45 €",
20240811,2460534,"1663,45 €",
20240812,2460535,"1663,45 €",
20240813,2460536,"1594,37 €",
20240814,2460537,"1568,60 €",
20240815,2460538,"1514,60 €",
20240816,2460539,"1514,60 €",
20240817,2460540,"1469,60 €",
20240818,2460541,"1469,60 €",
20240819,2460542,"1469,60 €",
20240820,2460543,"1415,60 €",
20240821,2460544,"1370,60 €",
20240822,2460545,"1369,80 €",
20240823,2460546,"1369,80 €",
20240824,2460547,"1324,80 €",
20240825,2460548,"1319,82 €",
20240826,2460549,"1319,82 €",
20240827,2460550,"1319,82 €",
20240828,2460551,"1319,82 €",
20240829,2460552,"1319,82 €",
20240830,2460553,"1311,12 €",
20240831,2460554,"1311,12 €",
20240901,2460555,"1311,12 €",
20240902,2460556,"1311,12 €",
20240903,2460557,"1266,12 €",
20240904,2460558,"1266,12 €",
20240905,2460559,"1265,25 €",
20240906,2460560,"1265,25 €",
20240907,2460561,"1265,25 €",
20240908,2460562,"1265,25 €",
20240909,2460563,"1265,25 €",
20240910,2460564,"1265,25 €",
20240911,2460565,"1265,25 €",
20240912,2460566,"1262,56 €",
20240913,2460567,"1262,56 €",
20240914,2460568,"1262,56 €",
20240915,2460569,"1262,56 €",
20240916,2460570,"1262,56 €",
20240917,2460571,"1262,56 €",
20240918,2460572,"1262,56 €",
20240919,2460573,"1262,56 €",
20240920,2460574,"1262,56 €",
20240921,2460575,"1246,19 €",
20240922,2460576,"1246,19 €",
20240923,2460577,"1246,19 €",
20240924,2460578,"1245,44 €",
20240925,2460579,"1245,44 €",
20240926,2460580,"1245,44 €",
20240927,2460581,"1245,44 €",
20240928,2460582,"1245,44 €",
20240929,2460583,"1245,44 €",
20240930,2460584,"1245,44 €",
20241001,2460585,"1119,44 €",
20241002,2460586,"1119,44 €",
20241003,2460587,"1119,44 €",
20241004,2460588,"1119,44 €",
20241005,2460589,"1119,44 €",
20241006,2460590,"1119,44 €",
20241007,2460591,"1119,44 €",
20241008,2460592,"1119,44 €",
20241009,2460593,"1119,44 €",
20241010,2460594,"1119,44 €",
20241011,2460595,"1119,44 €",
20241012,2460596,"1119,44 €",
20241013,2460597,"1119,44 €",
20241014,2460598,"1119,44 €",
20241015,2460599,"993,44 €",
20241016,2460600,"993,44 €",
20241017,2460601,"737,24 €",
20241018,2460602,"737,24 €",
20241019,2460603,"737,24 €",
20241020,2460604,"737,24 €",
20241021,2460605,"737,24 €",
20241022,2460606,"737,24 €",
20241023,2460607,"737,24 €",
20241024,2460608,"737,24 €",
20241025,2460609,"737,24 €",
20241026,2460610,"737,24 €",
20241027,2460611,"737,24 €",
20241028,2460612,"737,24 €",
20241029,2460613,"611,24 €",
20241030,2460614,"611,24 €",
20241031,2460615,"477,74 €",
20241101,2460616,"477,74 €",
20241102,2460617,"477,74 €",
20241103,2460618,"477,74 €",
20241104,2460619,"477,74 €",
20241105,2460620,"477,74 €",
20241106,2460621,"477,74 €",
20241107,2460622,"477,74 €",
20241108,2460623,"477,74 €",
20241109,2460624,"477,74 €",
20241110,2460625,"477,74 €",
20241111,2460626,"477,74 €",
20241112,2460627,"477,74 €",
20241113,2460628,"477,74 €",
20241114,2460629,"477,74 €",
20241115,2460630,"477,74 €",
20241116,2460631,"477,74 €",
20241117,2460632,"477,74 €",
20241118,2460633,"477,74 €",
20241119,2460634,"414,35 €",
20241120,2460635,"414,35 €",
20241121,2460636,"410,31 €",
20241122,2460637,"410,31 €",
20241123,2460638,"410,31 €",
20241124,2460639,"410,31 €",
20241125,2460640,"410,31 €",
20241126,2460641,"410,31 €",
20241127,2460642,"410,31 €",
20241128,2460643,"276,81 €",
20241129,2460644,"276,81 €",
20241130,2460645,"276,81 €",
20241201,2460646,"276,81 €",
20241202,2460647,"276,81 €",
20241203,2460648,"276,81 €",
20241204,2460649,"276,81 €",
20241205,2460650,"276,81 €",
20241206,2460651,"276,81 €",
20241207,2460652,"276,81 €",
20241208,2460653,"276,81 €",
20241209,2460654,"276,81 €",
20241210,2460655,"276,81 €",
20241211,2460656,"276,81 €",
20241212,2460657,"276,81 €",
20241213,2460658,"276,81 €",
20241214,2460659,"276,81 €",
20241215,2460660,"276,81 €",
20241216,2460661,"276,81 €",
20241217,2460662,"150,81 €",
20241218,2460663,"150,81 €",
20241219,2460664,"17,31 €",
20241220,2460665,"17,31 €",
20241221,2460666,"17,31 €",
20241222,2460667,"17,31 €",
20241223,2460668,"17,31 €",
20241224,2460669,"17,31 €",
20241225,2460670,"17,31 €",
20241226,2460671,"17,31 €",
20241227,2460672,"17,31 €",
20241228,2460673,"17,31 €",
20241229,2460674,"17,31 €",
20241230,2460675,"17,31 €",
20241231,2460676,"17,31 €",
